<?xml version="1.0"?>
<plan_crosswalk_2020><version><name>Plan Service Area Crosswalk Template</name><number>4.0.0</number></version><issuer_information><hios_issuer_id>49316</hios_issuer_id><issuer_state>MN</issuer_state><market_coverage>SHOP (Small Group)</market_coverage><multistate_plan>No</multistate_plan><dental_only_plan>No</dental_only_plan></issuer_information><crosswalks><crosswalk><plan_id_2019_hios>49316MN1070001</plan_id_2019_hios><crosswalk_level>Crosswalking to same Plan ID</crosswalk_level><reason_for_crosswalk>Renewing exact same product/plan combination (Same 2019 Plan ID)</reason_for_crosswalk><plan_id_2020_hios>49316MN1070001</plan_id_2020_hios><is_this_plan_catastrophic_or_child_only_plan>No</is_this_plan_catastrophic_or_child_only_plan></crosswalk><crosswalk><plan_id_2019_hios>49316MN1070003</plan_id_2019_hios><crosswalk_level>Crosswalking at the plan ID level</crosswalk_level><reason_for_crosswalk>Renewing product; renewal in a different plan within the product</reason_for_crosswalk><plan_id_2020_hios>49316MN1070001</plan_id_2020_hios><is_this_plan_catastrophic_or_child_only_plan>No</is_this_plan_catastrophic_or_child_only_plan></crosswalk><crosswalk><plan_id_2019_hios>49316MN1070004</plan_id_2019_hios><crosswalk_level>Crosswalking to same Plan ID</crosswalk_level><reason_for_crosswalk>Renewing exact same product/plan combination (Same 2019 Plan ID)</reason_for_crosswalk><plan_id_2020_hios>49316MN1070004</plan_id_2020_hios><is_this_plan_catastrophic_or_child_only_plan>No</is_this_plan_catastrophic_or_child_only_plan></crosswalk><crosswalk><plan_id_2019_hios>49316MN1070005</plan_id_2019_hios><crosswalk_level>Crosswalking to same Plan ID</crosswalk_level><reason_for_crosswalk>Renewing exact same product/plan combination (Same 2019 Plan ID)</reason_for_crosswalk><plan_id_2020_hios>49316MN1070005</plan_id_2020_hios><is_this_plan_catastrophic_or_child_only_plan>No</is_this_plan_catastrophic_or_child_only_plan></crosswalk><crosswalk><plan_id_2019_hios>49316MN1070006</plan_id_2019_hios><crosswalk_level>Crosswalking to same Plan ID</crosswalk_level><reason_for_crosswalk>Renewing exact same product/plan combination (Same 2019 Plan ID)</reason_for_crosswalk><plan_id_2020_hios>49316MN1070006</plan_id_2020_hios><is_this_plan_catastrophic_or_child_only_plan>No</is_this_plan_catastrophic_or_child_only_plan></crosswalk><crosswalk><plan_id_2019_hios>49316MN1070010</plan_id_2019_hios><crosswalk_level>Crosswalking to same Plan ID</crosswalk_level><reason_for_crosswalk>Renewing exact same product/plan combination (Same 2019 Plan ID)</reason_for_crosswalk><plan_id_2020_hios>49316MN1070010</plan_id_2020_hios><is_this_plan_catastrophic_or_child_only_plan>No</is_this_plan_catastrophic_or_child_only_plan></crosswalk><crosswalk><plan_id_2019_hios>49316MN1070011</plan_id_2019_hios><crosswalk_level>Crosswalking to same Plan ID</crosswalk_level><reason_for_crosswalk>Renewing exact same product/plan combination (Same 2019 Plan ID)</reason_for_crosswalk><plan_id_2020_hios>49316MN1070011</plan_id_2020_hios><is_this_plan_catastrophic_or_child_only_plan>No</is_this_plan_catastrophic_or_child_only_plan></crosswalk><crosswalk><plan_id_2019_hios>49316MN1070018</plan_id_2019_hios><crosswalk_level>Crosswalking to same Plan ID</crosswalk_level><reason_for_crosswalk>Renewing exact same product/plan combination (Same 2019 Plan ID)</reason_for_crosswalk><plan_id_2020_hios>49316MN1070018</plan_id_2020_hios><is_this_plan_catastrophic_or_child_only_plan>No</is_this_plan_catastrophic_or_child_only_plan></crosswalk><crosswalk><plan_id_2019_hios>49316MN1070019</plan_id_2019_hios><crosswalk_level>Crosswalking to same Plan ID</crosswalk_level><reason_for_crosswalk>Renewing exact same product/plan combination (Same 2019 Plan ID)</reason_for_crosswalk><plan_id_2020_hios>49316MN1070019</plan_id_2020_hios><is_this_plan_catastrophic_or_child_only_plan>No</is_this_plan_catastrophic_or_child_only_plan></crosswalk><crosswalk><plan_id_2019_hios>49316MN1070020</plan_id_2019_hios><crosswalk_level>Crosswalking to same Plan ID</crosswalk_level><reason_for_crosswalk>Renewing exact same product/plan combination (Same 2019 Plan ID)</reason_for_crosswalk><plan_id_2020_hios>49316MN1070020</plan_id_2020_hios><is_this_plan_catastrophic_or_child_only_plan>No</is_this_plan_catastrophic_or_child_only_plan></crosswalk><crosswalk><plan_id_2019_hios>49316MN1070022</plan_id_2019_hios><crosswalk_level>Crosswalking to same Plan ID</crosswalk_level><reason_for_crosswalk>Renewing exact same product/plan combination (Same 2019 Plan ID)</reason_for_crosswalk><plan_id_2020_hios>49316MN1070022</plan_id_2020_hios><is_this_plan_catastrophic_or_child_only_plan>No</is_this_plan_catastrophic_or_child_only_plan></crosswalk><crosswalk><plan_id_2019_hios>49316MN1070026</plan_id_2019_hios><crosswalk_level>Crosswalking to same Plan ID</crosswalk_level><reason_for_crosswalk>Renewing exact same product/plan combination (Same 2019 Plan ID)</reason_for_crosswalk><plan_id_2020_hios>49316MN1070026</plan_id_2020_hios><is_this_plan_catastrophic_or_child_only_plan>No</is_this_plan_catastrophic_or_child_only_plan></crosswalk><crosswalk><plan_id_2019_hios>49316MN1070027</plan_id_2019_hios><crosswalk_level>Crosswalking to same Plan ID</crosswalk_level><reason_for_crosswalk>Renewing exact same product/plan combination (Same 2019 Plan ID)</reason_for_crosswalk><plan_id_2020_hios>49316MN1070027</plan_id_2020_hios><is_this_plan_catastrophic_or_child_only_plan>No</is_this_plan_catastrophic_or_child_only_plan></crosswalk><crosswalk><plan_id_2019_hios>49316MN1070028</plan_id_2019_hios><crosswalk_level>Crosswalking to same Plan ID</crosswalk_level><reason_for_crosswalk>Renewing exact same product/plan combination (Same 2019 Plan ID)</reason_for_crosswalk><plan_id_2020_hios>49316MN1070028</plan_id_2020_hios><is_this_plan_catastrophic_or_child_only_plan>No</is_this_plan_catastrophic_or_child_only_plan></crosswalk><crosswalk><plan_id_2019_hios>49316MN1070029</plan_id_2019_hios><crosswalk_level>Crosswalking to same Plan ID</crosswalk_level><reason_for_crosswalk>Renewing exact same product/plan combination (Same 2019 Plan ID)</reason_for_crosswalk><plan_id_2020_hios>49316MN1070029</plan_id_2020_hios><is_this_plan_catastrophic_or_child_only_plan>No</is_this_plan_catastrophic_or_child_only_plan></crosswalk></crosswalks></plan_crosswalk_2020>
