M00504R04_508,AAFZGA4383113,1/1/2020
M00504R04_508,SSLP1Z4383114,1/1/2020
M00504R04_508,AAFZGA4386215,2/1/2020
M00504R04_508,SSLP1Z4386216,2/1/2020
M00504R04_508,AAFZGA4389117,3/1/2020
M00504R04_508,SSLP1Z4389118,3/1/2020
M00504R04_508,AAFZGA4392219,4/1/2020
M00504R04_508,SSLP1Z4392220,4/1/2020
M00504R04_508,AAFZGA4395221,5/1/2020
M00504R04_508,SSLP1Z4395222,5/1/2020
M00504R04_508,AAFZGA4398323,6/1/2020
M00504R04_508,SSLP1Z4398324,6/1/2020
M00504R04_508,051MD74383125,1/1/2020
M00504R04_508,OSTN2I4383126,1/1/2020
M00504R04_508,051MD74386227,2/1/2020
M00504R04_508,OSTN2I4386228,2/1/2020
M00504R04_508,051MD74389129,3/1/2020
M00504R04_508,OSTN2I4389130,3/1/2020
M00504R04_508,051MD74392231,4/1/2020
M00504R04_508,OSTN2I4392232,4/1/2020
M00504R04_508,051MD74395233,5/1/2020
M00504R04_508,OSTN2I4395234,5/1/2020
M00504R04_508,051MD74398335,6/1/2020
M00504R04_508,OSTN2I4398336,6/1/2020
M00504R04_508,6GYPVN4383137,1/1/2020
M00504R04_508,VDB59H4383138,1/1/2020
M00504R04_508,6GYPVN4386239,2/1/2020
M00504R04_508,VDB59H4386240,2/1/2020
M00504R04_508,VDB59H4389141,3/1/2020
M00504R04_508,6GYPVN4389142,3/1/2020
M00504R04_508,6GYPVN4392243,4/1/2020
M00504R04_508,VDB59H4392244,4/1/2020
M00504R04_508,6GYPVN4395245,5/1/2020
M00504R04_508,VDB59H4395246,5/1/2020
M00504R04_508,VDB59H4398347,6/1/2020
M00504R04_508,6GYPVN4398348,6/1/2020
M00504R04_508,CSI42Q4383149,1/1/2020
M00504R04_508,J1E5TR4383150,1/1/2020
M00504R04_508,CSI42Q4386251,2/1/2020
M00504R04_508,J1E5TR4386252,2/1/2020
M00504R04_508,CSI42Q4389153,3/1/2020
M00504R04_508,J1E5TR4389154,3/1/2020
M00504R04_508,CSI42Q4392255,4/1/2020
M00504R04_508,J1E5TR4392256,4/1/2020
M00504R04_508,CSI42Q4395257,5/1/2020
M00504R04_508,J1E5TR4395258,5/1/2020
M00504R04_508,CSI42Q4398359,6/1/2020
M00504R04_508,J1E5TR4398360,6/1/2020
M00504R04_508,B69RDP4383161,1/1/2020
M00504R04_508,28K1RR4383162,1/1/2020
M00504R04_508,28K1RR4386263,2/1/2020
M00504R04_508,B69RDP4386264,2/1/2020
M00504R04_508,28K1RR4389165,3/1/2020
M00504R04_508,B69RDP4389166,3/1/2020
M00504R04_508,28K1RR4392267,4/1/2020
M00504R04_508,B69RDP4392268,4/1/2020
M00504R04_508,28K1RR4395269,5/1/2020
M00504R04_508,B69RDP4395270,5/1/2020
M00504R04_508,28K1RR4398371,6/1/2020
M00504R04_508,B69RDP4398372,6/1/2020
M00504R04_508,5NFLMG4383173,1/1/2020
M00504R04_508,KC0GZ94383174,1/1/2020
M00504R04_508,5NFLMG4386275,2/1/2020
M00504R04_508,KC0GZ94386276,2/1/2020
M00504R04_508,5NFLMG4389177,3/1/2020
M00504R04_508,KC0GZ94389178,3/1/2020
M00504R04_508,5NFLMG4392279,4/1/2020
M00504R04_508,KC0GZ94392280,4/1/2020
M00504R04_508,5NFLMG4395281,5/1/2020
M00504R04_508,KC0GZ94395282,5/1/2020
M00504R04_508,5NFLMG4398383,6/1/2020
M00504R04_508,KC0GZ94398384,6/1/2020
M00504R04_508,9ZC03Z43831133,1/1/2020
M00504R04_508,P3ABK243831134,1/1/2020
M00504R04_508,9ZC03Z43862135,2/1/2020
M00504R04_508,P3ABK243862136,2/1/2020
M00504R04_508,9ZC03Z43891137,3/1/2020
M00504R04_508,P3ABK243891138,3/1/2020
M00504R04_508,9ZC03Z43922139,4/1/2020
M00504R04_508,P3ABK243922140,4/1/2020
M00504R04_508,P3ABK243952141,5/1/2020
M00504R04_508,9ZC03Z43952142,5/1/2020
M00504R04_508,9ZC03Z43983143,6/1/2020
M00504R04_508,P3ABK243983144,6/1/2020
M00504R04_508,3O0X8I43831205,1/1/2020
M00504R04_508,REBLZM43831206,1/1/2020
M00504R04_508,3O0X8I43862207,2/1/2020
M00504R04_508,REBLZM43862208,2/1/2020
M00504R04_508,REBLZM43891209,3/1/2020
M00504R04_508,3O0X8I43891210,3/1/2020
M00504R04_508,3O0X8I43922211,4/1/2020
M00504R04_508,REBLZM43922212,4/1/2020
M00504R04_508,3O0X8I43952213,5/1/2020
M00504R04_508,REBLZM43952214,5/1/2020
M00504R04_508,3O0X8I43983215,6/1/2020
M00504R04_508,REBLZM43983216,6/1/2020
M00504R04_508,CN2SLH43831217,1/1/2020
M00504R04_508,WPF1FW43831218,1/1/2020
M00504R04_508,CN2SLH43862219,2/1/2020
M00504R04_508,WPF1FW43862220,2/1/2020
M00504R04_508,CN2SLH43891221,3/1/2020
M00504R04_508,WPF1FW43891222,3/1/2020
M00504R04_508,CN2SLH43922223,4/1/2020
M00504R04_508,WPF1FW43922224,4/1/2020
M00504R04_508,CN2SLH43952225,5/1/2020
M00504R04_508,WPF1FW43952226,5/1/2020
M00504R04_508,WPF1FW43983227,6/1/2020
M00504R04_508,CN2SLH43983228,6/1/2020
M00504R04_508,3Z19X943831253,1/1/2020
M00504R04_508,7IU8KL43831254,1/1/2020
M00504R04_508,9GBAIC43831255,1/1/2020
M00504R04_508,NA343831256,1/1/2020
M00504R04_508,3Z19X943862257,2/1/2020
M00504R04_508,7IU8KL43862258,2/1/2020
M00504R04_508,9GBAIC43862259,2/1/2020
M00504R04_508,NA343862260,2/1/2020
M00504R04_508,3Z19X943891261,3/1/2020
M00504R04_508,7IU8KL43891262,3/1/2020
M00504R04_508,9GBAIC43891263,3/1/2020
M00504R04_508,NA343891264,3/1/2020
M00504R04_508,3Z19X943922265,4/1/2020
M00504R04_508,7IU8KL43922266,4/1/2020
M00504R04_508,9GBAIC43922267,4/1/2020
M00504R04_508,NA343922268,4/1/2020
M00504R04_508,3Z19X943952269,5/1/2020
M00504R04_508,7IU8KL43952270,5/1/2020
M00504R04_508,9GBAIC43952271,5/1/2020
M00504R04_508,NA343952272,5/1/2020
M00504R04_508,3Z19X943983273,6/1/2020
M00504R04_508,7IU8KL43983274,6/1/2020
M00504R04_508,9GBAIC43983275,6/1/2020
M00504R04_508,NA343983276,6/1/2020
M00504R04_508,XRRAK843831325,1/1/2020
M00504R04_508,XPANLK43831326,1/1/2020
M00504R04_508,XRRAK843862327,2/1/2020
M00504R04_508,XPANLK43862328,2/1/2020
M00504R04_508,XPANLK43891329,3/1/2020
M00504R04_508,XRRAK843891330,3/1/2020
M00504R04_508,XPANLK43922331,4/1/2020
M00504R04_508,XRRAK843922332,4/1/2020
M00504R04_508,XRRAK843952333,5/1/2020
M00504R04_508,XPANLK43952334,5/1/2020
M00504R04_508,XPANLK43983335,6/1/2020
M00504R04_508,XRRAK843983336,6/1/2020
M00504R04_508,04SAWD43831337,1/1/2020
M00504R04_508,9WZW8743831338,1/1/2020
M00504R04_508,LTJDUB43831339,1/1/2020
M00504R04_508,NA1143831340,1/1/2020
M00504R04_508,04SAWD43862341,2/1/2020
M00504R04_508,9WZW8743862342,2/1/2020
M00504R04_508,LTJDUB43862343,2/1/2020
M00504R04_508,NA1143862344,2/1/2020
M00504R04_508,04SAWD43891345,3/1/2020
M00504R04_508,9WZW8743891346,3/1/2020
M00504R04_508,LTJDUB43891347,3/1/2020
M00504R04_508,NA1143891348,3/1/2020
M00504R04_508,04SAWD43922349,4/1/2020
M00504R04_508,9WZW8743922350,4/1/2020
M00504R04_508,LTJDUB43922351,4/1/2020
M00504R04_508,NA1143922352,4/1/2020
M00504R04_508,04SAWD43952353,5/1/2020
M00504R04_508,9WZW8743952354,5/1/2020
M00504R04_508,LTJDUB43952355,5/1/2020
M00504R04_508,NA1143952356,5/1/2020
M00504R04_508,04SAWD43983357,6/1/2020
M00504R04_508,9WZW8743983358,6/1/2020
M00504R04_508,LTJDUB43983359,6/1/2020
M00504R04_508,NA1143983360,6/1/2020
M00504R04_508,HSO34H43831361,1/1/2020
M00504R04_508,RAHY8K43831362,1/1/2020
M00504R04_508,HSO34H43862363,2/1/2020
M00504R04_508,RAHY8K43862364,2/1/2020
M00504R04_508,HSO34H43891365,3/1/2020
M00504R04_508,RAHY8K43891366,3/1/2020
M00504R04_508,HSO34H43922367,4/1/2020
M00504R04_508,RAHY8K43922368,4/1/2020
M00504R04_508,HSO34H43952369,5/1/2020
M00504R04_508,RAHY8K43952370,5/1/2020
M00504R04_508,HSO34H43983371,6/1/2020
M00504R04_508,RAHY8K43983372,6/1/2020
M00504R04_508,8XSU2X43831373,1/1/2020
M00504R04_508,FXSP6043831374,1/1/2020
M00504R04_508,8XSU2X43862375,2/1/2020
M00504R04_508,FXSP6043862376,2/1/2020
M00504R04_508,8XSU2X43891377,3/1/2020
M00504R04_508,FXSP6043891378,3/1/2020
M00504R04_508,8XSU2X43922379,4/1/2020
M00504R04_508,FXSP6043922380,4/1/2020
M00504R04_508,8XSU2X43952381,5/1/2020
M00504R04_508,FXSP6043952382,5/1/2020
M00504R04_508,8XSU2X43983383,6/1/2020
M00504R04_508,FXSP6043983384,6/1/2020
M00504R04_508,9R7OH343831385,1/1/2020
M00504R04_508,L3QJ6543831386,1/1/2020
M00504R04_508,9R7OH343862387,2/1/2020
M00504R04_508,L3QJ6543862388,2/1/2020
M00504R04_508,9R7OH343891389,3/1/2020
M00504R04_508,L3QJ6543891390,3/1/2020
M00504R04_508,9R7OH343922391,4/1/2020
M00504R04_508,L3QJ6543922392,4/1/2020
M00504R04_508,9R7OH343952393,5/1/2020
M00504R04_508,L3QJ6543952394,5/1/2020
M00504R04_508,9R7OH343983395,6/1/2020
M00504R04_508,L3QJ6543983396,6/1/2020
M00504R04_508,19RBMC43831421,1/1/2020
M00504R04_508,KZDWQV43831422,1/1/2020
M00504R04_508,19RBMC43862423,2/1/2020
M00504R04_508,KZDWQV43862424,2/1/2020
M00504R04_508,19RBMC43891425,3/1/2020
M00504R04_508,KZDWQV43891426,3/1/2020
M00504R04_508,19RBMC43922427,4/1/2020
M00504R04_508,KZDWQV43922428,4/1/2020
M00504R04_508,19RBMC43952429,5/1/2020
M00504R04_508,KZDWQV43952430,5/1/2020
M00504R04_508,19RBMC43983431,6/1/2020
M00504R04_508,KZDWQV43983432,6/1/2020
M00504R04_508,7H4IQX43831505,1/1/2020
M00504R04_508,DI0FEX43831506,1/1/2020
M00504R04_508,KEIPQT43831507,1/1/2020
M00504R04_508,NA443831508,1/1/2020
M00504R04_508,7H4IQX43862509,2/1/2020
M00504R04_508,DI0FEX43862510,2/1/2020
M00504R04_508,KEIPQT43862511,2/1/2020
M00504R04_508,NA443862512,2/1/2020
M00504R04_508,7H4IQX43891513,3/1/2020
M00504R04_508,DI0FEX43891514,3/1/2020
M00504R04_508,KEIPQT43891515,3/1/2020
M00504R04_508,NA443891516,3/1/2020
M00504R04_508,7H4IQX43922517,4/1/2020
M00504R04_508,DI0FEX43922518,4/1/2020
M00504R04_508,KEIPQT43922519,4/1/2020
M00504R04_508,NA443922520,4/1/2020
M00504R04_508,7H4IQX43952521,5/1/2020
M00504R04_508,DI0FEX43952522,5/1/2020
M00504R04_508,KEIPQT43952523,5/1/2020
M00504R04_508,NA443952524,5/1/2020
M00504R04_508,7H4IQX43983525,6/1/2020
M00504R04_508,DI0FEX43983526,6/1/2020
M00504R04_508,KEIPQT43983527,6/1/2020
M00504R04_508,NA443983528,6/1/2020
M00504R04_508,KIOEAU43831541,1/1/2020
M00504R04_508,NA1243831542,1/1/2020
M00504R04_508,O8RBDR43831543,1/1/2020
M00504R04_508,T18K2243831544,1/1/2020
M00504R04_508,KIOEAU43862545,2/1/2020
M00504R04_508,NA1243862546,2/1/2020
M00504R04_508,O8RBDR43862547,2/1/2020
M00504R04_508,T18K2243862548,2/1/2020
M00504R04_508,KIOEAU43891549,3/1/2020
M00504R04_508,NA1243891550,3/1/2020
M00504R04_508,O8RBDR43891551,3/1/2020
M00504R04_508,T18K2243891552,3/1/2020
M00504R04_508,KIOEAU43922553,4/1/2020
M00504R04_508,NA1243922554,4/1/2020
M00504R04_508,O8RBDR43922555,4/1/2020
M00504R04_508,T18K2243922556,4/1/2020
M00504R04_508,KIOEAU43952557,5/1/2020
M00504R04_508,NA1243952558,5/1/2020
M00504R04_508,O8RBDR43952559,5/1/2020
M00504R04_508,T18K2243952560,5/1/2020
M00504R04_508,KIOEAU43983561,6/1/2020
M00504R04_508,NA1243983562,6/1/2020
M00504R04_508,O8RBDR43983563,6/1/2020
M00504R04_508,T18K2243983564,6/1/2020
M00504R04_508,V1B9HW43831577,1/1/2020
M00504R04_508,VXCH2Z43831578,1/1/2020
M00504R04_508,V1B9HW43862579,2/1/2020
M00504R04_508,VXCH2Z43862580,2/1/2020
M00504R04_508,V1B9HW43891581,3/1/2020
M00504R04_508,VXCH2Z43891582,3/1/2020
M00504R04_508,V1B9HW43922583,4/1/2020
M00504R04_508,VXCH2Z43922584,4/1/2020
M00504R04_508,V1B9HW43952585,5/1/2020
M00504R04_508,VXCH2Z43952586,5/1/2020
M00504R04_508,V1B9HW43983587,6/1/2020
M00504R04_508,VXCH2Z43983588,6/1/2020
M00504R04_508,7FWI0343831625,1/1/2020
M00504R04_508,M1V69E43831626,1/1/2020
M00504R04_508,7FWI0343862627,2/1/2020
M00504R04_508,M1V69E43862628,2/1/2020
M00504R04_508,M1V69E43891629,3/1/2020
M00504R04_508,7FWI0343891630,3/1/2020
M00504R04_508,7FWI0343922631,4/1/2020
M00504R04_508,M1V69E43922632,4/1/2020
M00504R04_508,7FWI0343952633,5/1/2020
M00504R04_508,M1V69E43952634,5/1/2020
M00504R04_508,7FWI0343983635,6/1/2020
M00504R04_508,M1V69E43983636,6/1/2020
M00504R04_508,JYJSIF43831637,1/1/2020
M00504R04_508,PX9PW843831638,1/1/2020
M00504R04_508,JYJSIF43862639,2/1/2020
M00504R04_508,PX9PW843862640,2/1/2020
M00504R04_508,JYJSIF43891641,3/1/2020
M00504R04_508,PX9PW843891642,3/1/2020
M00504R04_508,JYJSIF43922643,4/1/2020
M00504R04_508,PX9PW843922644,4/1/2020
M00504R04_508,JYJSIF43952645,5/1/2020
M00504R04_508,PX9PW843952646,5/1/2020
M00504R04_508,JYJSIF43983647,6/1/2020
M00504R04_508,PX9PW843983648,6/1/2020
M00504R04_508,NA2543831709,1/1/2020
M00504R04_508,NA2543831710,1/1/2020
M00504R04_508,NA2543862711,2/1/2020
M00504R04_508,NA2543862712,2/1/2020
M00504R04_508,NA2543891713,3/1/2020
M00504R04_508,NA2543891714,3/1/2020
M00504R04_508,NA2543922715,4/1/2020
M00504R04_508,NA2543922716,4/1/2020
M00504R04_508,NA2543952717,5/1/2020
M00504R04_508,NA2543952718,5/1/2020
M00504R04_508,NA2543983719,6/1/2020
M00504R04_508,NA2543983720,6/1/2020
M00504R04_508,NA2643831721,1/1/2020
M00504R04_508,NA2643831722,1/1/2020
M00504R04_508,NA2643862723,2/1/2020
M00504R04_508,NA2643862724,2/1/2020
M00504R04_508,NA2643891725,3/1/2020
M00504R04_508,NA2643891726,3/1/2020
M00504R04_508,NA2643922727,4/1/2020
M00504R04_508,NA2643922728,4/1/2020
M00504R04_508,NA2643952729,5/1/2020
M00504R04_508,NA2643952730,5/1/2020
M00504R04_508,NA2643983731,6/1/2020
M00504R04_508,NA2643983732,6/1/2020
M00504R04_508,XD642X43831757,1/1/2020
M00504R04_508,ZB04LV43831758,1/1/2020
M00504R04_508,XD642X43862759,2/1/2020
M00504R04_508,ZB04LV43862760,2/1/2020
M00504R04_508,XD642X43891761,3/1/2020
M00504R04_508,ZB04LV43891762,3/1/2020
M00504R04_508,XD642X43922763,4/1/2020
M00504R04_508,ZB04LV43922764,4/1/2020
M00504R04_508,XD642X43952765,5/1/2020
M00504R04_508,ZB04LV43952766,5/1/2020
M00504R04_508,XD642X43983767,6/1/2020
M00504R04_508,ZB04LV43983768,6/1/2020
M00503R04_508,1CVBI9438311,1/1/2020
M00503R04_508,LDXEEQ438312,1/1/2020
M00503R04_508,1CVBI9438623,2/1/2020
M00503R04_508,LDXEEQ438624,2/1/2020
M00503R04_508,LDXEEQ438915,3/1/2020
M00503R04_508,1CVBI9438916,3/1/2020
M00503R04_508,1CVBI9439227,4/1/2020
M00503R04_508,LDXEEQ439228,4/1/2020
M00503R04_508,1CVBI9439529,5/1/2020
M00503R04_508,LDXEEQ4395210,5/1/2020
M00503R04_508,1CVBI94398311,6/1/2020
M00503R04_508,LDXEEQ4398312,6/1/2020
M00503R04_508,BX4SJG4383185,1/1/2020
M00503R04_508,H0Z97A4383186,1/1/2020
M00503R04_508,BX4SJG4386287,2/1/2020
M00503R04_508,H0Z97A4386288,2/1/2020
M00503R04_508,BX4SJG4389189,3/1/2020
M00503R04_508,H0Z97A4389190,3/1/2020
M00503R04_508,BX4SJG4392291,4/1/2020
M00503R04_508,H0Z97A4392292,4/1/2020
M00503R04_508,BX4SJG4395293,5/1/2020
M00503R04_508,H0Z97A4395294,5/1/2020
M00503R04_508,BX4SJG4398395,6/1/2020
M00503R04_508,H0Z97A4398396,6/1/2020
M00503R04_508,6BHVPN4383197,1/1/2020
M00503R04_508,UJ8CDX4383198,1/1/2020
M00503R04_508,6BHVPN4386299,2/1/2020
M00503R04_508,UJ8CDX43862100,2/1/2020
M00503R04_508,6BHVPN43891101,3/1/2020
M00503R04_508,UJ8CDX43891102,3/1/2020
M00503R04_508,6BHVPN43922103,4/1/2020
M00503R04_508,UJ8CDX43922104,4/1/2020
M00503R04_508,6BHVPN43952105,5/1/2020
M00503R04_508,UJ8CDX43952106,5/1/2020
M00503R04_508,6BHVPN43983107,6/1/2020
M00503R04_508,UJ8CDX43983108,6/1/2020
M00503R04_508,1EHMRE43831109,1/1/2020
M00503R04_508,H2E8WB43831110,1/1/2020
M00503R04_508,1EHMRE43862111,2/1/2020
M00503R04_508,H2E8WB43862112,2/1/2020
M00503R04_508,1EHMRE43891113,3/1/2020
M00503R04_508,H2E8WB43891114,3/1/2020
M00503R04_508,1EHMRE43922115,4/1/2020
M00503R04_508,H2E8WB43922116,4/1/2020
M00503R04_508,1EHMRE43952117,5/1/2020
M00503R04_508,H2E8WB43952118,5/1/2020
M00503R04_508,1EHMRE43983119,6/1/2020
M00503R04_508,H2E8WB43983120,6/1/2020
M00503R04_508,HSCUS943831121,1/1/2020
M00503R04_508,P9FODD43831122,1/1/2020
M00503R04_508,HSCUS943862123,2/1/2020
M00503R04_508,P9FODD43862124,2/1/2020
M00503R04_508,HSCUS943891125,3/1/2020
M00503R04_508,P9FODD43891126,3/1/2020
M00503R04_508,HSCUS943922127,4/1/2020
M00503R04_508,P9FODD43922128,4/1/2020
M00503R04_508,HSCUS943952129,5/1/2020
M00503R04_508,P9FODD43952130,5/1/2020
M00503R04_508,HSCUS943983131,6/1/2020
M00503R04_508,P9FODD43983132,6/1/2020
M00503R04_508,B2YWWV43831145,1/1/2020
M00503R04_508,XNZAQ143831146,1/1/2020
M00503R04_508,B2YWWV43862147,2/1/2020
M00503R04_508,XNZAQ143862148,2/1/2020
M00503R04_508,B2YWWV43891149,3/1/2020
M00503R04_508,XNZAQ143891150,3/1/2020
M00503R04_508,B2YWWV43922151,4/1/2020
M00503R04_508,XNZAQ143922152,4/1/2020
M00503R04_508,B2YWWV43952153,5/1/2020
M00503R04_508,XNZAQ143952154,5/1/2020
M00503R04_508,B2YWWV43983155,6/1/2020
M00503R04_508,XNZAQ143983156,6/1/2020
M00503R04_508,DXN69343831157,1/1/2020
M00503R04_508,NW4BG343831158,1/1/2020
M00503R04_508,DXN69343862159,2/1/2020
M00503R04_508,NW4BG343862160,2/1/2020
M00503R04_508,DXN69343891161,3/1/2020
M00503R04_508,NW4BG343891162,3/1/2020
M00503R04_508,DXN69343922163,4/1/2020
M00503R04_508,NW4BG343922164,4/1/2020
M00503R04_508,DXN69343952165,5/1/2020
M00503R04_508,NW4BG343952166,5/1/2020
M00503R04_508,DXN69343983167,6/1/2020
M00503R04_508,NW4BG343983168,6/1/2020
M00503R04_508,EKOHVG43831169,1/1/2020
M00503R04_508,ISSIL743831170,1/1/2020
M00503R04_508,EKOHVG43862171,2/1/2020
M00503R04_508,ISSIL743862172,2/1/2020
M00503R04_508,EKOHVG43891173,3/1/2020
M00503R04_508,ISSIL743891174,3/1/2020
M00503R04_508,EKOHVG43922175,4/1/2020
M00503R04_508,ISSIL743922176,4/1/2020
M00503R04_508,EKOHVG43952177,5/1/2020
M00503R04_508,ISSIL743952178,5/1/2020
M00503R04_508,EKOHVG43983179,6/1/2020
M00503R04_508,ISSIL743983180,6/1/2020
M00503R04_508,2JWJQ543831181,1/1/2020
M00503R04_508,KYDDES43831182,1/1/2020
M00503R04_508,2JWJQ543862183,2/1/2020
M00503R04_508,KYDDES43862184,2/1/2020
M00503R04_508,2JWJQ543891185,3/1/2020
M00503R04_508,KYDDES43891186,3/1/2020
M00503R04_508,2JWJQ543922187,4/1/2020
M00503R04_508,KYDDES43922188,4/1/2020
M00503R04_508,KYDDES43952189,5/1/2020
M00503R04_508,2JWJQ543952190,5/1/2020
M00503R04_508,2JWJQ543983191,6/1/2020
M00503R04_508,KYDDES43983192,6/1/2020
M00503R04_508,LH8KR543831193,1/1/2020
M00503R04_508,WDXRK943831194,1/1/2020
M00503R04_508,LH8KR543862195,2/1/2020
M00503R04_508,WDXRK943862196,2/1/2020
M00503R04_508,LH8KR543891197,3/1/2020
M00503R04_508,WDXRK943891198,3/1/2020
M00503R04_508,LH8KR543922199,4/1/2020
M00503R04_508,WDXRK943922200,4/1/2020
M00503R04_508,LH8KR543952201,5/1/2020
M00503R04_508,WDXRK943952202,5/1/2020
M00503R04_508,LH8KR543983203,6/1/2020
M00503R04_508,WDXRK943983204,6/1/2020
M00503R04_508,7UKMMU43831229,1/1/2020
M00503R04_508,NA1343831230,1/1/2020
M00503R04_508,P0LEPK43831231,1/1/2020
M00503R04_508,URW4ZM43831232,1/1/2020
M00503R04_508,7UKMMU43862233,2/1/2020
M00503R04_508,NA1343862234,2/1/2020
M00503R04_508,P0LEPK43862235,2/1/2020
M00503R04_508,URW4ZM43862236,2/1/2020
M00503R04_508,7UKMMU43891237,3/1/2020
M00503R04_508,NA1343891238,3/1/2020
M00503R04_508,P0LEPK43891239,3/1/2020
M00503R04_508,URW4ZM43891240,3/1/2020
M00503R04_508,7UKMMU43922241,4/1/2020
M00503R04_508,NA1343922242,4/1/2020
M00503R04_508,P0LEPK43922243,4/1/2020
M00503R04_508,URW4ZM43922244,4/1/2020
M00503R04_508,7UKMMU43952245,5/1/2020
M00503R04_508,NA1343952246,5/1/2020
M00503R04_508,P0LEPK43952247,5/1/2020
M00503R04_508,URW4ZM43952248,5/1/2020
M00503R04_508,7UKMMU43983249,6/1/2020
M00503R04_508,NA1343983250,6/1/2020
M00503R04_508,P0LEPK43983251,6/1/2020
M00503R04_508,URW4ZM43983252,6/1/2020
M00503R04_508,4E4K3843831277,1/1/2020
M00503R04_508,NA643831278,1/1/2020
M00503R04_508,VHKLWX43831279,1/1/2020
M00503R04_508,Y7EOR243831280,1/1/2020
M00503R04_508,VHKLWX43862281,2/1/2020
M00503R04_508,4E4K3843862282,2/1/2020
M00503R04_508,NA643862283,2/1/2020
M00503R04_508,Y7EOR243862284,2/1/2020
M00503R04_508,4E4K3843891285,3/1/2020
M00503R04_508,NA643891286,3/1/2020
M00503R04_508,VHKLWX43891287,3/1/2020
M00503R04_508,Y7EOR243891288,3/1/2020
M00503R04_508,Y7EOR243922289,4/1/2020
M00503R04_508,4E4K3843922290,4/1/2020
M00503R04_508,NA643922291,4/1/2020
M00503R04_508,VHKLWX43922292,4/1/2020
M00503R04_508,4E4K3843952293,5/1/2020
M00503R04_508,VHKLWX43952294,5/1/2020
M00503R04_508,Y7EOR243952295,5/1/2020
M00503R04_508,NA643952296,5/1/2020
M00503R04_508,4E4K3843983297,6/1/2020
M00503R04_508,NA643983298,6/1/2020
M00503R04_508,VHKLWX43983299,6/1/2020
M00503R04_508,Y7EOR243983300,6/1/2020
M00503R04_508,4N3VK543831301,1/1/2020
M00503R04_508,EJ4FQY43831302,1/1/2020
M00503R04_508,NA1443831303,1/1/2020
M00503R04_508,UVJYOL43831304,1/1/2020
M00503R04_508,EJ4FQY43862305,2/1/2020
M00503R04_508,NA1443862306,2/1/2020
M00503R04_508,UVJYOL43862307,2/1/2020
M00503R04_508,4N3VK543862308,2/1/2020
M00503R04_508,EJ4FQY43891309,3/1/2020
M00503R04_508,UVJYOL43891310,3/1/2020
M00503R04_508,4N3VK543891311,3/1/2020
M00503R04_508,NA1443891312,3/1/2020
M00503R04_508,4N3VK543922313,4/1/2020
M00503R04_508,EJ4FQY43922314,4/1/2020
M00503R04_508,NA1443922315,4/1/2020
M00503R04_508,UVJYOL43922316,4/1/2020
M00503R04_508,4N3VK543952317,5/1/2020
M00503R04_508,EJ4FQY43952318,5/1/2020
M00503R04_508,NA1443952319,5/1/2020
M00503R04_508,UVJYOL43952320,5/1/2020
M00503R04_508,UVJYOL43983321,6/1/2020
M00503R04_508,4N3VK543983322,6/1/2020
M00503R04_508,EJ4FQY43983323,6/1/2020
M00503R04_508,NA1443983324,6/1/2020
M00503R04_508,2W9M0U43831529,1/1/2020
M00503R04_508,67IS9V43831530,1/1/2020
M00503R04_508,2W9M0U43862531,2/1/2020
M00503R04_508,67IS9V43862532,2/1/2020
M00503R04_508,2W9M0U43891533,3/1/2020
M00503R04_508,67IS9V43891534,3/1/2020
M00503R04_508,2W9M0U43922535,4/1/2020
M00503R04_508,67IS9V43922536,4/1/2020
M00503R04_508,2W9M0U43952537,5/1/2020
M00503R04_508,67IS9V43952538,5/1/2020
M00503R04_508,2W9M0U43983539,6/1/2020
M00503R04_508,67IS9V43983540,6/1/2020
M00503R04_508,3EPFYP43831565,1/1/2020
M00503R04_508,61TMAK43831566,1/1/2020
M00503R04_508,3EPFYP43862567,2/1/2020
M00503R04_508,61TMAK43862568,2/1/2020
M00503R04_508,3EPFYP43891569,3/1/2020
M00503R04_508,61TMAK43891570,3/1/2020
M00503R04_508,3EPFYP43922571,4/1/2020
M00503R04_508,61TMAK43922572,4/1/2020
M00503R04_508,3EPFYP43952573,5/1/2020
M00503R04_508,61TMAK43952574,5/1/2020
M00503R04_508,3EPFYP43983575,6/1/2020
M00503R04_508,61TMAK43983576,6/1/2020
M00503R04_508,DLEXXG43831589,1/1/2020
M00503R04_508,MI9FHG43831590,1/1/2020
M00503R04_508,DLEXXG43862591,2/1/2020
M00503R04_508,MI9FHG43862592,2/1/2020
M00503R04_508,DLEXXG43891593,3/1/2020
M00503R04_508,MI9FHG43891594,3/1/2020
M00503R04_508,DLEXXG43922595,4/1/2020
M00503R04_508,MI9FHG43922596,4/1/2020
M00503R04_508,DLEXXG43952597,5/1/2020
M00503R04_508,MI9FHG43952598,5/1/2020
M00503R04_508,DLEXXG43983599,6/1/2020
M00503R04_508,MI9FHG43983600,6/1/2020
M00503R04_508,2ZD66Y43831601,1/1/2020
M00503R04_508,E6SLG543831602,1/1/2020
M00503R04_508,NA543831603,1/1/2020
M00503R04_508,X4GUJ443831604,1/1/2020
M00503R04_508,2ZD66Y43862605,2/1/2020
M00503R04_508,E6SLG543862606,2/1/2020
M00503R04_508,NA543862607,2/1/2020
M00503R04_508,X4GUJ443862608,2/1/2020
M00503R04_508,2ZD66Y43891609,3/1/2020
M00503R04_508,E6SLG543891610,3/1/2020
M00503R04_508,NA543891611,3/1/2020
M00503R04_508,X4GUJ443891612,3/1/2020
M00503R04_508,2ZD66Y43922613,4/1/2020
M00503R04_508,E6SLG543922614,4/1/2020
M00503R04_508,NA543922615,4/1/2020
M00503R04_508,X4GUJ443922616,4/1/2020
M00503R04_508,2ZD66Y43952617,5/1/2020
M00503R04_508,E6SLG543952618,5/1/2020
M00503R04_508,NA543952619,5/1/2020
M00503R04_508,X4GUJ443952620,5/1/2020
M00503R04_508,2ZD66Y43983621,6/1/2020
M00503R04_508,E6SLG543983622,6/1/2020
M00503R04_508,NA543983623,6/1/2020
M00503R04_508,X4GUJ443983624,6/1/2020
M00503R04_508,ENXVE443831649,1/1/2020
M00503R04_508,LHF9IY43831650,1/1/2020
M00503R04_508,ENXVE443862651,2/1/2020
M00503R04_508,LHF9IY43862652,2/1/2020
M00503R04_508,ENXVE443891653,3/1/2020
M00503R04_508,LHF9IY43891654,3/1/2020
M00503R04_508,ENXVE443922655,4/1/2020
M00503R04_508,LHF9IY43922656,4/1/2020
M00503R04_508,ENXVE443952657,5/1/2020
M00503R04_508,LHF9IY43952658,5/1/2020
M00503R04_508,ENXVE443983659,6/1/2020
M00503R04_508,LHF9IY43983660,6/1/2020
M00503R04_508,L6MCXR43831661,1/1/2020
M00503R04_508,DA16O543831662,1/1/2020
M00503R04_508,DA16O543862663,2/1/2020
M00503R04_508,L6MCXR43862664,2/1/2020
M00503R04_508,DA16O543891665,3/1/2020
M00503R04_508,L6MCXR43891666,3/1/2020
M00503R04_508,DA16O543922667,4/1/2020
M00503R04_508,L6MCXR43922668,4/1/2020
M00503R04_508,DA16O543952669,5/1/2020
M00503R04_508,L6MCXR43952670,5/1/2020
M00503R04_508,DA16O543983671,6/1/2020
M00503R04_508,L6MCXR43983672,6/1/2020
M00503R04_508,JQ1C5543831673,1/1/2020
M00503R04_508,MTFSWY43831674,1/1/2020
M00503R04_508,JQ1C5543862675,2/1/2020
M00503R04_508,MTFSWY43862676,2/1/2020
M00503R04_508,JQ1C5543891677,3/1/2020
M00503R04_508,MTFSWY43891678,3/1/2020
M00503R04_508,JQ1C5543922679,4/1/2020
M00503R04_508,MTFSWY43922680,4/1/2020
M00503R04_508,JQ1C5543952681,5/1/2020
M00503R04_508,MTFSWY43952682,5/1/2020
M00503R04_508,JQ1C5543983683,6/1/2020
M00503R04_508,MTFSWY43983684,6/1/2020
M00503R04_508,9868KK43831685,1/1/2020
M00503R04_508,Z7FK4143831686,1/1/2020
M00503R04_508,9868KK43862687,2/1/2020
M00503R04_508,Z7FK4143862688,2/1/2020
M00503R04_508,9868KK43891689,3/1/2020
M00503R04_508,Z7FK4143891690,3/1/2020
M00503R04_508,9868KK43922691,4/1/2020
M00503R04_508,Z7FK4143922692,4/1/2020
M00503R04_508,9868KK43952693,5/1/2020
M00503R04_508,Z7FK4143952694,5/1/2020
M00503R04_508,9868KK43983695,6/1/2020
M00503R04_508,Z7FK4143983696,6/1/2020
M00503R04_508,3C7KZR43831697,1/1/2020
M00503R04_508,ICATG343831698,1/1/2020
M00503R04_508,3C7KZR43862699,2/1/2020
M00503R04_508,ICATG343862700,2/1/2020
M00503R04_508,3C7KZR43891701,3/1/2020
M00503R04_508,ICATG343891702,3/1/2020
M00503R04_508,3C7KZR43922703,4/1/2020
M00503R04_508,ICATG343922704,4/1/2020
M00503R04_508,3C7KZR43952705,5/1/2020
M00503R04_508,ICATG343952706,5/1/2020
M00503R04_508,3C7KZR43983707,6/1/2020
M00503R04_508,ICATG343983708,6/1/2020
M00503R04_508,NA2743831733,1/1/2020
M00503R04_508,NA2743831734,1/1/2020
M00503R04_508,NA2743862735,2/1/2020
M00503R04_508,NA2743862736,2/1/2020
M00503R04_508,NA2743891737,3/1/2020
M00503R04_508,NA2743891738,3/1/2020
M00503R04_508,NA2743922739,4/1/2020
M00503R04_508,NA2743922740,4/1/2020
M00503R04_508,NA2743952741,5/1/2020
M00503R04_508,NA2743952742,5/1/2020
M00503R04_508,NA2743983743,6/1/2020
M00503R04_508,NA2743983744,6/1/2020
M00503R04_508,NA2843831745,1/1/2020
M00503R04_508,NA2843831746,1/1/2020
M00503R04_508,NA2843862747,2/1/2020
M00503R04_508,NA2843862748,2/1/2020
M00503R04_508,NA2843891749,3/1/2020
M00503R04_508,NA2843891750,3/1/2020
M00503R04_508,NA2843922751,4/1/2020
M00503R04_508,NA2843922752,4/1/2020
M00503R04_508,NA2843952753,5/1/2020
M00503R04_508,NA2843952754,5/1/2020
M00503R04_508,NA2843983755,6/1/2020
M00503R04_508,NA2843983756,6/1/2020
M00505R03_508,7G3ZWX43831397,1/1/2020
M00505R03_508,NA243831398,1/1/2020
M00505R03_508,NA2043831399,1/1/2020
M00505R03_508,NA2443831400,1/1/2020
M00505R03_508,7G3ZWX43862401,2/1/2020
M00505R03_508,NA243862402,2/1/2020
M00505R03_508,NA2043862403,2/1/2020
M00505R03_508,NA2443862404,2/1/2020
M00505R03_508,7G3ZWX43891405,3/1/2020
M00505R03_508,NA243891406,3/1/2020
M00505R03_508,NA2043891407,3/1/2020
M00505R03_508,NA2443891408,3/1/2020
M00505R03_508,7G3ZWX43922409,4/1/2020
M00505R03_508,NA243922410,4/1/2020
M00505R03_508,NA2043922411,4/1/2020
M00505R03_508,NA2443922412,4/1/2020
M00505R03_508,NA2043952413,5/1/2020
M00505R03_508,7G3ZWX43952414,5/1/2020
M00505R03_508,NA243952415,5/1/2020
M00505R03_508,NA2443952416,5/1/2020
M00505R03_508,7G3ZWX43983417,6/1/2020
M00505R03_508,NA243983418,6/1/2020
M00505R03_508,NA2043983419,6/1/2020
M00505R03_508,NA2443983420,6/1/2020
M00505R03_508,55KAPX43831433,1/1/2020
M00505R03_508,NA143831434,1/1/2020
M00505R03_508,NA1943831435,1/1/2020
M00505R03_508,NA2343831436,1/1/2020
M00505R03_508,55KAPX43862437,2/1/2020
M00505R03_508,NA143862438,2/1/2020
M00505R03_508,NA1943862439,2/1/2020
M00505R03_508,NA2343862440,2/1/2020
M00505R03_508,NA143891441,3/1/2020
M00505R03_508,NA2343891442,3/1/2020
M00505R03_508,55KAPX43891443,3/1/2020
M00505R03_508,NA1943891444,3/1/2020
M00505R03_508,NA143922445,4/1/2020
M00505R03_508,55KAPX43922446,4/1/2020
M00505R03_508,NA1943922447,4/1/2020
M00505R03_508,NA2343922448,4/1/2020
M00505R03_508,NA143952449,5/1/2020
M00505R03_508,NA1943952450,5/1/2020
M00505R03_508,55KAPX43952451,5/1/2020
M00505R03_508,NA2343952452,5/1/2020
M00505R03_508,NA1943983453,6/1/2020
M00505R03_508,55KAPX43983454,6/1/2020
M00505R03_508,NA143983455,6/1/2020
M00505R03_508,NA2343983456,6/1/2020
M00505R03_508,NA1043831457,1/1/2020
M00505R03_508,H2ZOUQ43831458,1/1/2020
M00505R03_508,NA1843831459,1/1/2020
M00505R03_508,NA2243831460,1/1/2020
M00505R03_508,H2ZOUQ43862461,2/1/2020
M00505R03_508,NA1043862462,2/1/2020
M00505R03_508,NA1843862463,2/1/2020
M00505R03_508,NA2243862464,2/1/2020
M00505R03_508,NA1043891465,3/1/2020
M00505R03_508,H2ZOUQ43891466,3/1/2020
M00505R03_508,NA1843891467,3/1/2020
M00505R03_508,NA2243891468,3/1/2020
M00505R03_508,H2ZOUQ43922469,4/1/2020
M00505R03_508,NA1043922470,4/1/2020
M00505R03_508,NA1843922471,4/1/2020
M00505R03_508,NA2243922472,4/1/2020
M00505R03_508,H2ZOUQ43952473,5/1/2020
M00505R03_508,NA1043952474,5/1/2020
M00505R03_508,NA1843952475,5/1/2020
M00505R03_508,NA2243952476,5/1/2020
M00505R03_508,H2ZOUQ43983477,6/1/2020
M00505R03_508,NA1043983478,6/1/2020
M00505R03_508,NA1843983479,6/1/2020
M00505R03_508,NA2243983480,6/1/2020
M00505R03_508,NA2143831481,1/1/2020
M00505R03_508,HDCSOA43831482,1/1/2020
M00505R03_508,NA1743831483,1/1/2020
M00505R03_508,NA943831484,1/1/2020
M00505R03_508,HDCSOA43862485,2/1/2020
M00505R03_508,NA1743862486,2/1/2020
M00505R03_508,NA2143862487,2/1/2020
M00505R03_508,NA943862488,2/1/2020
M00505R03_508,NA1743891489,3/1/2020
M00505R03_508,HDCSOA43891490,3/1/2020
M00505R03_508,NA2143891491,3/1/2020
M00505R03_508,NA943891492,3/1/2020
M00505R03_508,HDCSOA43922493,4/1/2020
M00505R03_508,NA1743922494,4/1/2020
M00505R03_508,NA2143922495,4/1/2020
M00505R03_508,NA943922496,4/1/2020
M00505R03_508,HDCSOA43952497,5/1/2020
M00505R03_508,NA1743952498,5/1/2020
M00505R03_508,NA2143952499,5/1/2020
M00505R03_508,NA943952500,5/1/2020
M00505R03_508,HDCSOA43983501,6/1/2020
M00505R03_508,NA1743983502,6/1/2020
M00505R03_508,NA2143983503,6/1/2020
M00505R03_508,NA943983504,6/1/2020
