49316MN1070001-00_SBC,49316MN1070001,01/01/2020
49316MN1070004-00_SBC,49316MN1070004,01/01/2020
49316MN1070005-00_SBC,49316MN1070005,01/01/2020
49316MN1070006-00_SBC,49316MN1070006,01/01/2020
49316MN1070010-00_SBC,49316MN1070010,01/01/2020
49316MN1070011-00_SBC,49316MN1070011,01/01/2020
49316MN1070018-00_SBC,49316MN1070018,01/01/2020
49316MN1070019-00_SBC,49316MN1070019,01/01/2020
49316MN1070020-00_SBC,49316MN1070020,01/01/2020
49316MN1070022-00_SBC,49316MN1070022,01/01/2020
49316MN1070026-00_SBC,49316MN1070026,01/01/2020
49316MN1070027-00_SBC,49316MN1070027,01/01/2020
49316MN1070028-00_SBC,49316MN1070028,01/01/2020
49316MN1070029-00_SBC,49316MN1070029,01/01/2020
49316MN1070030-00_SBC,49316MN1070030,01/01/2020
49316MN1540001-00_SBC,49316MN1540001,01/01/2020
49316MN1540003-00_SBC,49316MN1540003,01/01/2020
49316MN1540005-00_SBC,49316MN1540005,01/01/2020
49316MN1540007-00_SBC,49316MN1540007,01/01/2020
49316MN1540009-00_SBC,49316MN1540009,01/01/2020
49316MN1540011-00_SBC,49316MN1540011,01/01/2020
49316MN1540013-00_SBC,49316MN1540013,01/01/2020
49316MN1540015-00_SBC,49316MN1540015,01/01/2020
49316MN1540017-00_SBC,49316MN1540017,01/01/2020
49316MN1540019-00_SBC,49316MN1540019,01/01/2020
49316MN1540021-00_SBC,49316MN1540021,01/01/2020
49316MN1540023-00_SBC,49316MN1540023,01/01/2020
49316MN1540025-00_SBC,49316MN1540025,01/01/2020
49316MN1540027-00_SBC,49316MN1540027,01/01/2020
49316MN1540029-00_SBC,49316MN1540029,01/01/2020
49316MN1540002-00_SBC,49316MN1540002,01/01/2020
49316MN1540004-00_SBC,49316MN1540004,01/01/2020
49316MN1540006-00_SBC,49316MN1540006,01/01/2020
49316MN1540008-00_SBC,49316MN1540008,01/01/2020
49316MN1540010-00_SBC,49316MN1540010,01/01/2020
49316MN1540012-00_SBC,49316MN1540012,01/01/2020
49316MN1540014-00_SBC,49316MN1540014,01/01/2020
49316MN1540016-00_SBC,49316MN1540016,01/01/2020
49316MN1540018-00_SBC,49316MN1540018,01/01/2020
49316MN1540020-00_SBC,49316MN1540020,01/01/2020
49316MN1540022-00_SBC,49316MN1540022,01/01/2020
49316MN1540024-00_SBC,49316MN1540024,01/01/2020
49316MN1540026-00_SBC,49316MN1540026,01/01/2020
49316MN1540028-00_SBC,49316MN1540028,01/01/2020
49316MN1540030-00_SBC,49316MN1540030,01/01/2020
57129MN0220001-00_SBC,57129MN0220001,01/01/2020
57129MN0220003-00_SBC,57129MN0220003,01/01/2020
57129MN0220004-00_SBC,57129MN0220004,01/01/2020
57129MN0220005-00_SBC,57129MN0220005,01/01/2020
57129MN0220006-00_SBC,57129MN0220006,01/01/2020
57129MN0220007-00_SBC,57129MN0220007,01/01/2020
57129MN0220008-00_SBC,57129MN0220008,01/01/2020
57129MN0220009-00_SBC,57129MN0220009,01/01/2020
57129MN0220010-00_SBC,57129MN0220010,01/01/2020
57129MN0220011-00_SBC,57129MN0220011,01/01/2020
57129MN0220012-00_SBC,57129MN0220012,01/01/2020
57129MN0220013-00_SBC,57129MN0220013,01/01/2020
57129MN0220014-00_SBC,57129MN0220014,01/01/2020
57129MN0220015-00_SBC,57129MN0220015,01/01/2020
57129MN0220016-00_SBC,57129MN0220016,01/01/2020
